"Authors","Author full names","Author(s) ID","Title","Year","Source title","Volume","Issue","Art. No.","Page start","Page end","Cited by","DOI","Link","Abstract","Author Keywords","Index Keywords","Document Type","Publication Stage","Open Access","Source","EID"
"Anyanwu M.; Shiva S.","Anyanwu, Matthew (11139038500); Shiva, Sajjan (7004561032)","11139038500; 7004561032","Application of enhanced decision tree algorithm to churn analysis","2009","International Conference on Artificial Intelligence and Pattern Recognition 2009, AIPR 2009","","","","356","363","4","","https://www.scopus.com/pages/publications/84876771704?origin=resultslist","Customer churn can be described as the process by which consumers of goods and services discontinue the consumption of a product or service and switch to a business competitor of that particular good or service. It is of great concern to many companies, thus business intelligence techniques are needed in-order to detect and predict the possibility that a customer will churn. Customer churn prediction unlike most conventional business intelligence techniques deals with customer demographics, net worth-value, and market opportunities. It is used in determining customers who are likely to churn, those likely to remain loyal to the organization, and also for prediction of future churn rate. Customer defection is naturally a slow rate event, thus accurate and precise prediction methods are needed to detect the churning trend. In this study we propose an enhanced decision tree classification algorithm to predict churn trend analysis, given a database of customer records. The algorithm clusters and classifies customer records in order to predict the likely-hood that a customer will churn.","Business intelligence; Churn index; Classification algorithm; Customer churn; Decision tree","Artificial intelligence; Clustering algorithms; Competitive intelligence; Data mining; Decision trees; Forecasting; Pattern recognition; Churn index; Classification algorithm; Customer churn prediction; Customer churns; Customer demographics; Decision tree classification; Decision-tree algorithm; Market opportunities; Sales","Conference paper","Final","","Scopus","2-s2.0-84876771704"
"Pande S.D.; Kumar S.; Kathole A.B.; Joshi R.R.; Ahammad S.K.H.; Dhabliya D.; Rahman Md.Z.U.","Pande, Sandeep Dwarkanath (57209275307); Kumar, Sumit (59998555700); Kathole, Atul B. (57202995656); Joshi, Rahul Raghvendra (56583426300); Ahammad, S. K. Hasane (57208325596); Dhabliya, Dharmesh (57222241738); Rahman, Md. Zia Ur (57220046684)","57209275307; 59998555700; 57202995656; 56583426300; 57208325596; 57222241738; 57220046684","A Novel Chatbot Driven by Sentiment Analysis Using a Capsule Network and BiLSTM for Online User Feedback on Consumer Electronics","2025","IEEE Transactions on Consumer Electronics","71","3","","7933","7946","2","10.1109/TCE.2025.3593110","https://www.scopus.com/pages/publications/105012312109?origin=resultslist","The rapid advancements in Internet use have necessitated a growing demand for data analytics to analyze customer and seller activity on consumer electronics e-commerce platforms. Online purchasing has transformed lifestyles, shopping habits, and consumer gadgets. Neglecting aspects such as customer acquisition, retargeting, answering inquiries, and inventory management can negatively impact e-commerce businesses. Online merchants like Amazon and Flipkart utilize artificial intelligence (AI) to estimate customer purchases. AI-driven patterns introduce chatbot-based and personalized suggestions to better understand customer behavior. To forecast and identify the right customers, these leading industries analyze millions of buyer interactions. This research develops a retrieval-based chatbot using sentiment analysis (SA) for consumer electronics which collects user input, that helps improve service and refine customer feedback. The effectiveness of text processing is evaluated using Term Frequency-Inverse Document Frequency (TF-IDF) and word2vec-based vectorization techniques to extract and select features. Developed features, along with LIWC-22-based characteristics, are used to categorize feedback as positive or negative. The classification is performed using the Capsule Network and Bidirectional Long Short-Term Memory (CapsNet-BiLSTM) model, as well as the XGBoost model. This study has achieved the highest scores of 98.39% for accuracy, 98.81% for precision, 98.01% for recall, and 98.41% for the F1-score, the results demonstrate that the suggested method is highly accurate and delivers superior performance. Simulations confirm that the proposed consumer behavior forecasting approach outperforms existing methods. © 1975-2011 IEEE.","bidirectional long short-term memory; CapsNet–BiLSTM; capsule network; Chatbots; consumer electronics; consumer feedback; sentiment analysis; XGBoost","Chatbots; Data mining; Electronic commerce; Forecasting; Information retrieval; Inventory control; Purchasing; Sales; Sentiment analysis; Chatbots; Commerce platforms; Data analytics; E- commerces; Growing demand; Internet use; Online purchasing; Online users; Sentiment analysis; User feedback; Consumer behavior","Article","Final","","Scopus","2-s2.0-105012312109"
"Wang W.-Y.; Huang A.Y.-Q.","Wang, Wen-Yen (12545644200); Huang, Anna Y.-Q. (57188927054)","12545644200; 57188927054","Considering high utilities for time interval sequential pattern mining","2016","TAAI 2015 - 2015 Conference on Technologies and Applications of Artificial Intelligence","","","7407069","412","418","6","10.1109/TAAI.2015.7407069","https://www.scopus.com/pages/publications/84964228121?origin=resultslist","The earlier ideas for time interval sequential pattern mining discovering the time interval pattern between two product items help managers promote the sale prediction of the items. For example, if most of the customers purchased product item A, and then they bought item B and C after r to s and t to u days respectively, the time interval between r to s and t to u days can be provided for managers to make marketing decision while predicting the purchasing time interval between A and B, as well as B and C based on the prediction. Nevertheless, the earlier research for the mining does not consider the significance of product items while mining the time-interval sequential patterns. This work implements the previous work and keeps time interval patterns with high utility in which the mining does not just consider the frequent item sets. This is intended to make the sequential pattern mining close to business behaviors. The experimental results show the differences between two mining approaches if considering item utility or item frequency for the purchased items. © 2015 IEEE.","pattern; sequential pattern mining; time interval; utility","Artificial intelligence; Forecasting; Managers; Sales; Frequent item sets; Marketing decision; pattern; Sequential patterns; Sequential-pattern mining; Time interval; Time-interval patterns; utility; Data mining","Conference paper","Final","","Scopus","2-s2.0-84964228121"
"Sherif N.H.; Raad Ali R.; Fahidhil E.; Haroon N.H.; Hussam R.; Ibrahem M.","Sherif, Noora Hani (59139434000); Raad Ali, Rabei (57200536163); Fahidhil, Eay (58640749900); Haroon, Noor Hanoon (57796708100); Hussam, Ragheed (55210302700); Ibrahem, Marwa (58919980100)","59139434000; 57200536163; 58640749900; 57796708100; 55210302700; 58919980100","Integrating NLP in the Business Decision Support System to Promote Customer Loyalty","2023","1st International Conference on Emerging Research in Computational Science, ICERCS 2023 - Proceedings","","","","","","1","10.1109/ICERCS57948.2023.10434114","https://www.scopus.com/pages/publications/85186646988?origin=resultslist","Natural Language Processing combines the fields of linguistics, computer science, and mathematics. It has been used in a variety of contexts with outstanding results. In business, client devotion is measured by how often one organization's goods and offerings are chosen over those of its rivals. Customers with strong brand loyalty do not easily change their minds based on availability or pricing. Customers are more likely to make another purchase from a company they trust in the future. There is a significant impact on a customer's purchase decision because it depends on their friends' opinions of a company. Thus, consumer loyalty can increase the rate at which businesses acquire new clients. Companies struggle to satisfy customers' growing demands. Customers' expectations tend to change more rapidly. Consumers assess a company as ""best-in-class""rather than where it was a year ago. An organization or business utilizes a Decision Support System (DSS) to help make decisions and plan activities.DSS take in vast amounts of data and extracts valuable information to solve problems and make decisions. By analyzing unstructured data from new sources and extracting information in the format needed for decision-making, Natural Language Processing (NLP) enhances decision-making abilities. NLP-DSS technology can process language-based data more quickly and tirelessly than people. Generally, businesses use NLP to gain a deeper understanding of customer needs through sentiment analysis, acquire valuable information from unstructured data, enhance communication, and boost productivity. In natural language processing, computers can communicate with humans in their language while automating other language-related tasks. Natural language processing breaks down the human language into fragments to investigate and understand word meanings and phrase structures in context. The simulation results show that the proposed NLP-DSS model has a higher company efficiency ratio (98.3%), decisions level (96.8%), consumer approval (97.7%), revenue (96.9%), forecasting (96.6%), and customer loyalty (98.9%) than the existing methods. © 2023 IEEE.","Customer loyalty; Decision making; Decision Support system; Natural language processing","Artificial intelligence; Behavioral research; Customer satisfaction; Data mining; Decision support systems; Economics; Sales; Sentiment analysis; Brand loyalty; Business decision supports; Consumer loyalty; Customer loyalty; Decisions makings; Language processing; Natural language processing; Natural languages; Purchase decision; Unstructured data; Decision making","Conference paper","Final","","Scopus","2-s2.0-85186646988"
"Candra B.P.; Saputra E.R.S.H.; Ruhamah; Wicaksono K.; Kusrini K.","Candra, Beda Puspita (57205287832); Saputra, Eko Rachmat Slamet Hidayat (57209266578); Ruhamah (57209268666); Wicaksono, Kurniawan (59807762200); Kusrini, K. (36057015500)","57205287832; 57209266578; 57209268666; 59807762200; 36057015500","Decision support system for stock prediction and supplier selection using least square and C4.5 algorithm","2018","Proceedings - 2018 3rd International Conference on Information Technology, Information Systems and Electrical Engineering, ICITISEE 2018","","","8721001","241","246","2","10.1109/ICITISEE.2018.8721001","https://www.scopus.com/pages/publications/85067104726?origin=resultslist","The development of a business is duly offset with a system capable of supporting the development of the business. A distro that runs a fashion product sales business requires a system that is able to predict the amount of stock that needs to be provided for the next month. The company also needs a system capable of recommending the right supplier choice based on the company's needs. The supplier selection is conventionally only the owner of the company that could be decisive. To improve the efficiency of the company's work system it is necessary to have a system that becomes an alternative to supplier selection when the business owner can not do it. The least Square method is used to predict the stock needs of goods an C4.5 algorithms to provide supplier selection solution. Tests on least square method using MAPE showed mean error in odd period modeling of 3.40%, while for even period of 34.25%. The C4.5 algorithm test using cross validation showed an accuracy of 60%. Performance indicated by least square method for odd period modeling is better than modeling in even period. The C4.5 algorithm also showed good accuracy for decision support settlement. © 2018 IEEE.","C4.5 Algorithm; Decision Tree; Least Square; Prediction","Artificial intelligence; Data mining; Decision support systems; Decision trees; Forecasting; Information systems; Information use; Trees (mathematics); Business owners; C4.5 algorithm; Cross validation; Decision supports; Least Square; Least square methods; Stock predictions; Supplier selection; Least squares approximations","Conference paper","Final","","Scopus","2-s2.0-85067104726"
"Yuan H.; Xu W.; Yang C.","Yuan, Hui (57191828321); Xu, Wei (56582984800); Yang, Chengfu (56341613200)","57191828321; 56582984800; 56341613200","A user behavior-based ticket sales prediction using data mining tools: An empirical study in an OTA company","2014","11th International Conference on Service Systems and Service Management, ICSSSM 2014 - Proceeding","","","6874135","","","9","10.1109/ICSSSM.2014.6874135","https://www.scopus.com/pages/publications/84906690194?origin=resultslist","Traditional OTA (Online Travel Agent) is challenged by the Internet and mobile business with the evolution of information. The precise forecasting of ticket sales in OTA companies is beneficial to budget control and service quality. The paper develops an integrated forecasting model by combining the internal factors immediately influencing the ticket sales and the external factors reflecting the ticket sales market. The internal factors are selected such as the number of calling in certain duration, while the external factors include the attention of relevant search engine query data. After several key features are extracted using feature selection model, the machine learning algorithms can get the more accurate prediction, in contract to the basic experiments to explore the inherent rule of the sales data itself. Our proposed user behavior-based prediction model provides a feasible and efficiency tool for ticket sales prediction. © 2014 IEEE.","Call number; OTA; Sales Predicting; Search engine query data; User behavior","Artificial intelligence; Behavioral research; Budget control; Data mining; Forecasting; Learning algorithms; Search engines; Accurate prediction; Call number; Data-mining tools; Empirical studies; Forecasting modeling; OTA; Query datum; User behaviors; Sales","Conference paper","Final","","Scopus","2-s2.0-84906690194"
"","","","28th International Conference Systems Engineering, ICSEng 2021","2022","Lecture Notes in Networks and Systems","364 LNNS","","","","","0","","https://www.scopus.com/pages/publications/85121783553?origin=resultslist","The proceedings contain 44 papers. The special focus in this conference is on Systems Engineering. The topics include: Mobile Game Development with Spatially Generated Reverberation Sound; use of Project-Based Learning and Living Personas to Train Future Designers of Interactive Applications; emerging Technologies in Smart Classroom Education; preface; reducing Compound Degree for Optimum Linear Decomposition of Symmetric Index Generation Function; retail Sales Forecasting in the Presence of Promotional Periods; evaluation of Selected Artificial Intelligence Technologies for Innovative Business Intelligence Applications; towards Business Cost Mining: Considering Business Process Reliability; GMDH-Type Neural Networks for Predicting Financial Time Series: A Study of Informational Efficiency of Stock Markets; mean-Reverting Portfolio Optimization via a Surrogate Risk Measure - Conditional Desirability Value at Risk; blockchain-Based Smart Contracts Use for Photovoltaic Energy Trade Transactions; chaotic Chua’s Circuit’s Parameter Estimation Using Composite Identifier and Indirect Adaptive Output Regulation; combined State Merging and Splitting Procedure for Low Power Implementations of Finite State Machines; towards an Extension and Normalization of the Random Vector Anisotropy Magnitude; non-linear Correlation Based Approach to the Identification of Maximally Stationary Systems; LED Grow Light for Optimization of Chlorophyll Excitation Ratio; development of Logistics Models for Oil Cargo Transportation to Reduce Logistics Costs and Improve Wagon Mileage; investigating the Closer Running of Rail Vehicles for Better Network Utilisation; understanding Manufacturing Processes on Basis of Visualized Machine and Sensor Data; optimizing Maintenance Cost of Uniform Rolling Stock by Scheduling Algorithms; utilizing Evidence in Asset Management in the Era of Industry 4.0 and Artificial Intelligence.","","","Conference review","Final","","Scopus","2-s2.0-85121783553"
"","","","3rd Conference on Creativity in Intelligent Technologies and Data Science, CIT and DS 2019","2019","Communications in Computer and Information Science","1083","","","","","0","","https://www.scopus.com/pages/publications/85071572250?origin=resultslist","The proceedings contain 34 papers. The special focus in this conference is on Creativity in Intelligent Technologies and Data Science. The topics include: Building a company’s maturity management trajectory based on the methods of optimal control of letov-kalman; networkalization of network–unlike entities: How to preserve encoded information; HR decision-making support based on natural language processing; the algorithm for the classification of methods for processing multidimensional heterogeneous data in application to designing of oil fields development; detection of the patterns in the daily route choices of the urban social transport system clients based on the decoupling of passengers’ preferences between the levels of uncertainty; analysis a short-term time series of crop sales based on machine learning methods; a multifactor small business management model; tourism cluster enterprises departments’ resource management based on mobile technologies; the information and analytical platform for the big data mining about innovation in the region; meta-design of processes based on visualization tools; artificial intelligence: Issues, challenges, opportunities and threats; designing zero-energy buildings using advanced fuzzy cognitive maps; the evaluation method of the design department’s information assets; technology model to support the initiation of innovation artefacts; solving the inverse kinematics of robotic arm using autoencoders; structural and Parametrical Model of the Physical Functional Principle of the Microelectronic Capacitive Pressure Sensor; theoretical bases of the application of various-color graphs in the solution of intellectual chemical tasks; forecasting and optimization internet of things system; modeling a microgrid using fuzzy cognitive maps; data-driven framework for predictive maintenance in industry 4.0 concept.","","","Conference review","Final","","Scopus","2-s2.0-85071572250"
"Seraphim B.I.; Rao L.S.; Joshi S.","Seraphim, B. Ida (57210343217); Rao, Lavi Samuel (57201879346); Joshi, Shiwani (57201885806)","57210343217; 57201879346; 57201885806","Survey on Customer Centric Sales Analysis and Prediction","2018","Proceedings of the 3rd International Conference on Inventive Computation Technologies, ICICT 2018","","","9034342","495","500","3","10.1109/ICICT43934.2018.9034342","https://www.scopus.com/pages/publications/85082656466?origin=resultslist","Business management is a field which is highly dependent on sales prediction. In order to predict these sales many Data Mining techniques and algorithms can be used. But to predict these sales there is a requirement of customer data that gives us an insight on how the customer perceives the products or services being offered. In this survey we are trying to compare various Data Mining techniques and algorithms used in the past to predict these sales, and then we will try to propose better ways to solve the same problem. This paper also compares the efficiency of ANN techniques in comparison with data mining technique. Until now, there have been a number of enhancements and achievements done in this field by using Market Basket Analysis. There have been algorithms employed such as Apriori, FP-Growth, AIS, clustering, etc. for getting suitable mining suitable patterns. All the advantages and drawbacks have been highlighted in this paper of various algorithms that have been employed as of now. © 2018 IEEE.","AIS; ANN; Apriori; Data Mining; FP-Growth","Artificial intelligence; Clustering algorithms; Forecasting; Sales; Surveys; Apriori; Business management; Customer data; Customer-centric; FP growths; Market basket analysis; Sales analysis; Data mining","Conference paper","Final","","Scopus","2-s2.0-85082656466"
"Zeng R.; Yuan L.; Ye Z.; Cai J.","Zeng, Rui (55489578400); Yuan, Lingyun (13612324300); Ye, Zhixia (57199227364); Cai, Jinyan (57217677615)","55489578400; 13612324300; 57199227364; 57217677615","Prediction and analysis model of telecom customer churn based on missing data","2020","Communications in Computer and Information Science","1256 CCIS","","","221","232","0","10.1007/978-981-15-8135-9_16","https://www.scopus.com/pages/publications/85091316896?origin=resultslist","In the field of business data analysis, customer churn prediction analysis plays an important role. This paper combines traditional statistical prediction methods and artificial intelligence prediction methods to propose a customer churn prediction analysis model based on missing data in an attempt to explore a new solution in this field. Based on the missing data in this model, factor analysis method and data mining technique are used to generate key factor sets and their values to form input neurons and their initial values. The number of hidden layer neurons was determined by combinatorial prediction. Using the improved genetic algorithm, the initial weight and threshold of BP network are determined. Finally, the prediction results and key attribute data related to the prediction results are generated for decision makers to analyze the problem. The experiment evaluates the model from the aspects of accuracy, precision, recall, and f-measure, which proves that the model is effective. © Springer Nature Singapore Pte Ltd 2020.","Data mining; Factor analysis; Genetic algorithm; Predictive analysis","Artificial intelligence; Data mining; Decision making; Forecasting; Genetic algorithms; Network architecture; Sales; Customer churn prediction; Decision makers; Factor analysis method; Hidden layer neurons; Prediction and analysis; Prediction methods; Statistical prediction; Telecom customers; Predictive analytics","Conference paper","Final","","Scopus","2-s2.0-85091316896"
"Afifi A.A.","Afifi, Ashraf A. (57202856995)","57202856995","Demand forecasting of short life cycle products using data mining techniques","2020","IFIP Advances in Information and Communication Technology","583 IFIP","","","151","162","9","10.1007/978-3-030-49161-1_14","https://www.scopus.com/pages/publications/85086273233?origin=resultslist","Products with short life cycles are becoming increasingly common in many industries due to higher levels of competition, shorter product development time and increased product diversity. Accurate demand forecasting of such products is crucial as it plays an important role in driving efficient business operations and achieving a sustainable competitive advantage. Traditional forecasting methods are inappropriate for this type of products due to the highly uncertain and volatile demand and the lack of historical sales data. It is therefore critical to develop different forecasting methods to analyse the demand trend of these products. This paper proposes a new data mining approach based on the incremental k-means clustering algorithm and the RULES-6 rule induction classifier for forecasting the demand of short life cycle products. The performance of the proposed approach is evaluated using real data from one of the leading Egyptian companies in IT ecommerce and retail business, and results show that it has the capability to accurately forecast demand trends of new products with no historical sales data. © IFIP International Federation for Information Processing 2020.","Clustering; Data mining; Demand forecasting; Rule induction; Short life cycle products","Artificial intelligence; Competition; Data mining; Forecasting; K-means clustering; Sales; Business operation; Demand forecasting; Forecasting methods; Product diversity; Retail business; Rule induction; Short life cycle products; Sustainable competitive advantages; Life cycle","Conference paper","Final","All Open Access; Green Open Access","Scopus","2-s2.0-85086273233"
"Zuo Y.; Yada K.; Ali A.B.M.S.","Zuo, Yi (57220717390); Yada, Katsutoshi (7005502139); Ali, A.B.M. Shawkat (36676979700)","57220717390; 7005502139; 36676979700","Prediction of Consumer Purchasing in a Grocery Store Using Machine Learning Techniques","2017","Proceedings - Asia-Pacific World Congress on Computer Science and Engineering 2016 and Asia-Pacific World Congress on Engineering 2016, APWC on CSE/APWCE 2016","","","7941935","18","25","28","10.1109/APWC-on-CSE.2016.015","https://www.scopus.com/pages/publications/85021913722?origin=resultslist","Over the past decades, prediction of costumers' purchase behavior has been significantly considered, and completely recognized as one of the most significant research topics in consumer behavior researches. While we attempt to measure response of purchase intention to the contextual factors such as customers' age, gender and income, product price and sale promotion, most of business models are basing on a linear equation to estimate weight of these factors due to the linear equation is not only intuitive for other academics to compare and replicate but also luminous to explain the results for business practitioners. Nevertheless, comparing with other research fields (e.g. pattern recognition and text classification), the prediction methods for purchase behavior are overconcentration of the linear models, especially linear discriminant analysis and logistic regression analysis. On the other hand, as more and more information and communication technologies (ICT, e.g. POS and sensor) are introduced into retail, marketing and management to collect business data, the volumes of data are increasing in exponential growth. Analysis based on linear models are insufficient to satisfy the requirement of academics and practitioners any more, and machine learning techniques have been increasingly attracted us to conduct them as an alternative approach for knowledge discovery and data mining. With regard to these issues, this paper employs two representative machine learning methods: Bayes classifier and support vector machine (SVM) and investigates the performance of them with the data in the real world. © 2016 IEEE.","In-store Behavior; Machine Learning; Multivariable Normality Test; Purchase Behavior; RFID","Artificial intelligence; Behavioral research; Character recognition; Classification (of information); Discriminant analysis; Education; Forecasting; Image retrieval; Learning algorithms; Learning systems; Linear equations; Pattern recognition; Purchasing; Radio frequency identification (RFID); Regression analysis; Sales; Support vector machines; Text processing; Business practitioners; Information and Communication Technologies; Knowledge discovery and data minings; Linear discriminant analysis; Logistic regression analysis; Machine learning methods; Machine learning techniques; Normality tests; Consumer behavior","Conference paper","Final","","Scopus","2-s2.0-85021913722"
"Golderzahi V.; Pao H.-K.","Golderzahi, Vahid (57203098953); Pao, Hsing-Kuo (8873074400)","57203098953; 8873074400","Understanding customers and their grouping via wifi sensing for business revenue forecasting","2018","Lecture Notes in Computer Science (including subseries Lecture Notes in Artificial Intelligence and Lecture Notes in Bioinformatics)","10935 LNAI","","","56","71","3","10.1007/978-3-319-96133-0_5","https://www.scopus.com/pages/publications/85050493843?origin=resultslist","Emerging technologies provide a variety of sensors in smartphones for state monitoring. Among all the sensors, the ubiquitous WiFi sensing is one of the most important components for the use of Internet access and other applications. In this work, we propose a WiFi-based sensing for store revenue forecasting by analyzing the customers’ behavior, especially the grouped customers’ behavior. Understanding customers’ behavior through WiFi-based sensing should be beneficial for selling increment and revenue improvement. In particular, we are interested in analyzing the customers’ behavior for customers who may visit stores together with their partners or they visit stores with similarly patterns, called group behavior or group information for store revenue forecasting. The proposed method is realized through a WiFi signal collecting AP which is deployed in a coffee shop continuously for a period of time. Following a procedure of data collection, preprocessing, and feature engineering, we adopt Support Vector Regression to predict the coffee shop’s revenue, as well as other useful information such as the number of WiFi-using devices, the number of sold products. Overall, we achieve as good as 7.63 %, 11.32 % and 14.43 % in the prediction on the number of WiFi-using devices, the number of sold products and the total revenue respectively if measured in Mean Absolute Percentage Error (MAPE) from the proposed method in its peak performance. Moreover, we have observed an improvement in MAPE when either the group information or weather information is included. © Springer International Publishing AG, part of Springer Nature 2018.","Customer behavior; Group behavior; Received Signal Strength Indicator (RSSI); Revenue forecasting; WiFi sensing","Artificial intelligence; Data mining; Forecasting; Learning systems; Pattern recognition; Sales; Customer behavior; Emerging technologies; Feature engineerings; Group behavior; Mean absolute percentage error; Received signal strength indicator (RSSI); Support vector regression (SVR); Wifi sensing; Wireless local area networks (WLAN)","Conference paper","Final","","Scopus","2-s2.0-85050493843"
"Li B.; Shen H.","Li, Bing (57224947741); Shen, Haicen (59943664400)","57224947741; 59943664400","Research on Customer Churn Prediction for IoT Cloud Platforms Based on the TMRF Algorithm","2025","Proceedings of 2025 3rd International Conference on Communication Networks and Machine Learning, CNML 2025","","","","527","532","0","10.1145/3728199.3728286","https://www.scopus.com/pages/publications/105008005146?origin=resultslist","Big data mining technology has deeply penetrated the field of IoT and business functions. The focus of IoT platform operators has shifted from technology development to customer-centricity. Customer churn rate has always been a core business metric for IoT cloud platform companies. Accurate customer churn prediction based on big data mining can effectively guide platform service providers in their relevant work. This paper systematically analyzes the application status of big data mining technology in customer churn prediction for IoT cloud platforms and the establishment process of customer churn prediction schemes. The scheme uses decision tree reduction and K-Means++ clustering to improve the traditional random forest algorithm, resulting in a high-precision, low-similarity TMRF (Trees Merge Random Forest) prediction algorithm. Verification of the prediction scheme using real data from a large Chinese telecommunications operator's IoT cloud service found that the TMRF algorithm significantly outperforms C4.5 and traditional random forest algorithms in terms of precision, recall, F-score, and ROC curve, demonstrating high application value. © 2025 Copyright held by the owner/author(s).","churn prediction; data mining; IoT Cloud Platform; Machine learning; random forest","Artificial intelligence; Big data; Cloud computing; Cloud platforms; Clustering algorithms; Curve fitting; Learning systems; Random forests; Sales; Technological forecasting; Telecommunication services; Business functions; Churn predictions; Cloud platforms; Customer churn prediction; Data mining technology; IoT cloud platform; Machine-learning; Prediction schemes; Random forest algorithm; Random forests; Data mining; Decision trees","Conference paper","Final","All Open Access; Gold Open Access","Scopus","2-s2.0-105008005146"
"Vo N.N.Y.; Liu S.; Brownlow J.; Chu C.; Culbert B.; Xu G.","Vo, Nhi N. Y. (57202648571); Liu, Shaowu (55207545300); Brownlow, James (57193450805); Chu, Charles (57193451464); Culbert, Ben (57202340211); Xu, Guandong (8987733300)","57202648571; 55207545300; 57193450805; 57193451464; 57202340211; 8987733300","Client churn prediction with call log analysis","2018","Lecture Notes in Computer Science (including subseries Lecture Notes in Artificial Intelligence and Lecture Notes in Bioinformatics)","10828 LNCS","","","752","763","6","10.1007/978-3-319-91458-9_47","https://www.scopus.com/pages/publications/85048950768?origin=resultslist","Client churn prediction is a classic business problem of retaining customers. Recently, machine learning algorithms have been applied to predict client churn and have shown promising performance comparing to traditional methods. Despite of its success, existing machine learning approach mainly focus on structured data such as demographic and transactional data, while unstructured data, such as emails and phone calls, have been largely overlooked. In this work, we propose to improve existing churn prediction models by analysing customer characteristics and behaviours from unstructured data, particularly, audio calls. To be specific, we developed a text mining model combined with gradient boosting tree to predict client churn. We collected and conducted extensive experiments on 900 thousand audio calls from 200 thousand customers, and experimental results show that our approach can significantly improve the previous model by exploiting the additional unstructured data. © Springer International Publishing AG, part of Springer Nature 2018.","Call log analysis; Churn prediction; Customer data analytics; Machine learning; Text mining","Artificial intelligence; Data mining; Database systems; Forecasting; Learning systems; Sales; Business problems; Churn predictions; Customer data; Gradient boosting; Log analysis; Machine learning approaches; Text mining; Transactional data; Learning algorithms","Conference paper","Final","All Open Access; Green Open Access","Scopus","2-s2.0-85048950768"
"Guleria M.; Sharma L.; Malik U.; Singh N.; Nigam A.","Guleria, Manas (60310786900); Sharma, Lakshay (58586900000); Malik, Uttam (60309739700); Singh, Naitik (60310614600); Nigam, Akhil (57194407569)","60310786900; 58586900000; 60309739700; 60310614600; 57194407569","Role of Emerging Techniques in Data Mining","2026","Studies in Computational Intelligence","1240","","","437","448","0","10.1007/978-3-032-06732-6_23","https://www.scopus.com/pages/publications/105027055997?origin=resultslist","Data mining is a fundamental process in the field of data science and analytics, aimed at discovering useful patterns, trends, and insights from vast amounts of raw data. This multidisciplinary field leverages methodologies from statistics, machine learning, artificial intelligence, and database management to transform data into actionable knowledge. The significance of data mining lies in its ability to identify hidden relationships, make predictions, and aid in decision-making across various domains. Core techniques used in data mining include classification, clustering, regression, association rule mining, and anomaly detection. Classification is used to categorize data into predefined groups, while clustering identifies natural groupings within datasets. Regression analyzes relationships among variables, enabling predictive modeling, whereas association rule mining uncovers relationships between variables, often used in market basket analysis. Anomaly detection helps identify unusual patterns or outliers, which can be critical in fraud detection and cybersecurity. The applications of data mining span a wide array of fields. In business, it aids in customer segmentation, personalized marketing, sales forecasting, and supply chain optimization. In healthcare, it facilitates predictive diagnostics, patient risk assessment, and drug discovery. Financial institutions use data mining for credit scoring, fraud detection, and risk management. Scientific research benefits from it by uncovering complex patterns in genomic data, astronomical observations, and climate modeling. Additionally, data mining plays a significant role in social media analytics, e-commerce, and recommendation systems. Recent advancements in computational power and the emergence of big data technologies, such as distributed computing and cloud storage, have revolutionized data mining. These advancements have enabled the processing of structured, semi-structured, and unstructured data, including text, images, audio, and video, leading to more comprehensive insights. Techniques like deep learning have further enhanced data mining by enabling the analysis of high-dimensional and complex datasets. Despite its transformative potential, data mining faces several challenges. Data quality remains a critical concern, as incomplete, noisy, or inconsistent data can significantly affect the accuracy of results. Scalability is another issue, as handling massive datasets requires efficient algorithms and computing infrastructure. Ethical concerns, such as data privacy, security, and algorithmic bias, have gained prominence, necessitating stringent measures to ensure responsible data usage. In conclusion, data mining is a powerful tool for extracting meaningful information from complex datasets, driving innovation, and enabling evidence-based decision-making. As technology evolves, the scope and impact of data mining will continue to expand, playing a vital role in shaping the future of industries and society. However, addressing its challenges will require ongoing interdisciplinary collaboration and ethical vigilance. This chapter focuses on the role of emerging techniques in data mining with its applications. © The Author(s), under exclusive license to Springer Nature Switzerland AG 2026.","Big data; Business intelligence; Data mining; Pattern recognition; Predictive analysis","","Book chapter","Final","","Scopus","2-s2.0-105027055997"
"Patel D.; Sambandam R.K.; Vetriveeran D.; Jenefa J.; Aruna S.K.; Vinodha D.","Patel, Dharma (60102503000); Sambandam, Rakoth Kandan (57192663497); Vetriveeran, Divya (57214093132); Jenefa, J. (57191608944); Aruna, S.K. (57216704331); Vinodha, D. (57200142618)","60102503000; 57192663497; 57214093132; 57191608944; 57216704331; 57200142618","Leveraging ML Based Technique for Mobile Sales Forecasting","2025","Proceedings of the 2025 12th International Conference on Computing for Sustainable Global Development, INDIACom 2025","","","","","","0","10.23919/INDIACom66777.2025.11115351","https://www.scopus.com/pages/publications/105016114906?origin=resultslist","The mobile phone industry is very competitive, so mobile sales forecasting is now imperative for businesses to forecast demand and order inventory in advance to plan strategically. This research focuses on the higher accuracy of mobile sales prediction and studies several machine learning models like Brand, Ratings, RAM, ROM, Battery- Power, pixel- height- and width, and targets alongside Camera Details as an alternate set to association rule mining. A real-time dataset that covers real-world mobile phone sales data has been collected and had its features pre-processed to fill in missing values and do the definite column encoding. Dataset were tested to understand the model performance of several predictive models, such as Decision Trees, Support Vector Machine (SVM), and ensemble methods (Random Forest and Gradient Boosting). The performance of each model was measured by accuracy, precision, recall, and F1-score. To address the issue of class in the sales categories (Low, Medium, High), stratified sampling and Synthetic Minority Over-sampling Technique (SMOTE) techniques were used. The results showed the predictive solid abilities of all the models in forecasting sales for different segments, with ensemble models performing better than individual classifiers in terms of prediction accuracy and robustness. This approach was further strengthened by applying hyperparameter tuning and cross-validation to improve the model's performance. The results are predicted to drive mobile retailers in the direction of improving demand forecasting and making data-driven decisions towards operational efficiency.  © 2025 Bharati Vidyapeeth, New Delhi.","Artificial Intelligence; Decision Tree; Forecasting; Machine Learning; Mobile","","Conference paper","Final","","Scopus","2-s2.0-105016114906"
"Bohanec M.; Robnik-Šikonja M.; Borštnar M.K.","Bohanec, Marko (6701865562); Robnik-Šikonja, Marko (55900495300); Borštnar, Mirjana Kljajić (15821608100)","6701865562; 55900495300; 15821608100","Decision-making framework with double-loop learning through interpretable black-box machine learning models","2017","Industrial Management and Data Systems","117","7","","1389","1406","46","10.1108/IMDS-09-2016-0409","https://www.scopus.com/pages/publications/85027333711?origin=resultslist","Purpose - The purpose of this paper is to address the problem of weak acceptance of machine learning (ML) models in business. The proposed framework of top-performing ML models coupled with general explanation methods provides additional information to the decision-making process. This builds a foundation for sustainable organizational learning. Design/methodology/approach - To address user acceptance, participatory approach of action design research (ADR) was chosen. The proposed framework is demonstrated on a B2B sales forecasting process in an organizational setting, following cross-industry standard process for data mining (CRISP-DM) methodology. Findings - The provided ML model explanations efficiently support business decision makers, reduce forecasting error for new sales opportunities, and facilitate discussion about the context of opportunities in the sales team. Research limitations/implications - The quality and quantity of available data affect the performance of models and explanations. Practical implications - The application in the real-world company demonstrates the utility of the approach and provides evidence that transparent explanations of ML models contribute to individual and organizational learning. Social implications - All used methods are available as an open-source software and can improve the acceptance of ML in data-driven decision making. Originality/value - The proposed framework incorporates existing ML models and general explanation methodology into a decision-making process. To the authors' knowledge, this is the first attempt to support organizational learning with a framework combining ML explanations, ADR, and data mining methodology based on the CRISP-DM industry standard.","B2B sales forecasting; Double-loop learning; Explanation of black-box models; Machine learning","Artificial intelligence; Data mining; Forecasting; Information management; Knowledge management; Learning systems; Network function virtualization; Open source software; Open systems; Sales; Software engineering; Black-box model; Decision making process; Decision-making frameworks; Design/methodology/approach; Double-loop learning; Machine learning models; Organizational learning; Sales forecasting; Decision making","Article","Final","","Scopus","2-s2.0-85027333711"
"Baumgart P.","Baumgart, Peter (58025102900)","58025102900","Revenue Management","2025","International Encyclopedia of Business Management","","","","Vol1:518","Vol1:526","0","10.1016/B978-0-443-13701-3.00253-X","https://www.scopus.com/pages/publications/105029612083?origin=resultslist","Revenue Management is a corporate capability companies can choose to invest in. It relies on an array of mathematical tools and techniques to enable what is popularly described as the ability to set the right price for the right product for the right customer at the right time for the right sales channel. Originally developed for companies with large fixed capacities such as airlines and hotels, recent progress in data access and storage, as well as forecasting and optimization algorithms triggered an innovation cycle that increases business potential and makes implementation attractive in several new industry applications. © 2026 Elsevier Inc. All rights are reserved, including those for text and data mining, AI training, and similar technologies.","Airlines; Artificial intelligence; Business ethics; Demand forecasting; Dynamic pricing; Hospitality; Inventory management; Machine learning; Neural networks; Online retail; Optimization; Price differentiation; Revenue management; Segmentation; Yield management","Costs; Data mining; Digital storage; Economics; Information management; Inventory control; Investments; Learning systems; Sales; Technological forecasting; Business ethics; Demand forecasting; Dynamic pricing; Hospitality; Inventory management; Machine-learning; Neural-networks; Online retails; Optimisations; Price differentiation; Revenue management; Segmentation; Yield management; Neural networks","Book chapter","Final","","Scopus","2-s2.0-105029612083"
"Polamarasetti S.; Kumar Kakarala M.R.; Gadam H.; Butani J.B.; Rongali S.K.; Prajapati S.K.","Polamarasetti, Shalini (60131016500); Kumar Kakarala, Manikanta Rajendra (60130379800); Gadam, Harshini (59738355100); Butani, Jinal Bhanubhai (60130634800); Rongali, Sateesh Kumar (60126965100); Prajapati, Sameer Kumar (60130379900)","60131016500; 60130379800; 59738355100; 60130634800; 60126965100; 60130379900","Enhancing Strategic Business Decisions with AI-Powered Forecasting Models in Salesforce CRMT","2025","3rd International Conference on Advancements in Smart, Secure and Intelligent Computing, ASSIC 2025","","","","","","0","10.1109/ASSIC64892.2025.11158411","https://www.scopus.com/pages/publications/105018099443?origin=resultslist","Forecasting is one of the key foundations for strategic decision-making, as today's competitive business environment relies on effective operations optimization and enhanced customer experiences to ensure better performance. Salesforce Customer Relationship Management (CRM) has become one of the leading platforms in managing customer relationships, while artificial intelligence imparts new dimensions to predictive analytics. The paper reviews how Salesforce CRM has integrated the AI-powered forecasting model. In such a context, how such integration will bring a sea change in the realm of strategy is focused. AI solutions- for instance, Salesforce Einstein Analytics-can extract more actionable insights by running machine learning algorithms on historical and real-time data. Their models ensure better capabilities: sales forecasting, demand planning, marketing strategies, and customer relationship management, among others. AI Forecasting: how resource utilization could be streamlined to understand emergent trends and opportunities across a highly competitive marketplace by equipping organizations to drive informed, data-driven decisions. However, there are quite a few challenges in integrating AI into Salesforce CRM for forecasting: data integration problems, ethical issues, and the very real risk of biased forecasts. It also explains how to overcome those difficulties and presents future trends regarding AI-powered forecasting, focusing on the potential for innovation and competitive advantage. By aligning AI technology with the goals of an organization, businesses can be agile in their operations, efficient in strategies, and thus better equipped to attain long-term growth in today's ever-data-driven world. © 2025 IEEE.","Artificial Intelligence; business intelligence; customer relationship management; data integration; decision-making; Forecasting model; machine learning; predictive analytics; resource optimization; sales forecasting; Salesforce CRM; strategic planning","Behavioral research; Commerce; Competition; Competitive intelligence; Data mining; Decision making; Information use; Integration; Learning algorithms; Learning systems; Machine learning; Public relations; Sales; Technological forecasting; Business-intelligence; Customer relationship management; Decisions makings; Forecasting models; Machine-learning; Resources optimization; Sales forecasting; Salesforce; Salesforce customer relationship management; Data integration; Predictive analytics; Strategic planning","Conference paper","Final","","Scopus","2-s2.0-105018099443"
"","","","15th International Conference on Dynamical Systems: Theory and Applications, 2019","2021","Springer Proceedings in Mathematics and Statistics","364","","","","","0","","https://www.scopus.com/pages/publications/85121680906?origin=resultslist","The proceedings contain 27 papers. The special focus in this conference is on Dynamical Systems: Theory and Applications. The topics include: Mobile Game Development with Spatially Generated Reverberation Sound; use of Project-Based Learning and Living Personas to Train Future Designers of Interactive Applications; emerging Technologies in Smart Classroom Education; preface; reducing Compound Degree for Optimum Linear Decomposition of Symmetric Index Generation Function; retail Sales Forecasting in the Presence of Promotional Periods; evaluation of Selected Artificial Intelligence Technologies for Innovative Business Intelligence Applications; towards Business Cost Mining: Considering Business Process Reliability; GMDH-Type Neural Networks for Predicting Financial Time Series: A Study of Informational Efficiency of Stock Markets; mean-Reverting Portfolio Optimization via a Surrogate Risk Measure - Conditional Desirability Value at Risk; blockchain-Based Smart Contracts Use for Photovoltaic Energy Trade Transactions; chaotic Chua’s Circuit’s Parameter Estimation Using Composite Identifier and Indirect Adaptive Output Regulation; combined State Merging and Splitting Procedure for Low Power Implementations of Finite State Machines; towards an Extension and Normalization of the Random Vector Anisotropy Magnitude; non-linear Correlation Based Approach to the Identification of Maximally Stationary Systems; LED Grow Light for Optimization of Chlorophyll Excitation Ratio; development of Logistics Models for Oil Cargo Transportation to Reduce Logistics Costs and Improve Wagon Mileage; investigating the Closer Running of Rail Vehicles for Better Network Utilisation; understanding Manufacturing Processes on Basis of Visualized Machine and Sensor Data; optimizing Maintenance Cost of Uniform Rolling Stock by Scheduling Algorithms; utilizing Evidence in Asset Management in the Era of Industry 4.0 and Artificial Intelligence.","","","Conference review","Final","","Scopus","2-s2.0-85121680906"
"Mishra J.; Waghmare G.; Gothe R.; Shinde R.; Khedkar R.; Badre S.","Mishra, Jyoti (59661890200); Waghmare, Ganesh (58117473200); Gothe, Rekha (60479426200); Shinde, Rajeshwari (60584878100); Khedkar, Ravindra (60154651200); Badre, Shailesh (59672764200)","59661890200; 58117473200; 60479426200; 60584878100; 60154651200; 59672764200","Adapting to Rapid Consumer Trends using AI-Powered Analytics","2025","2025 3rd International Conference on IoT, Communication and Automation Technology, ICICAT 2025","","","","","","0","10.1109/ICICAT68430.2025.11414672","https://www.scopus.com/pages/publications/105035831166?origin=resultslist","Social media trends, shifting market dynamics, emerging technologies, and currently occurring global events are rapidly defining new shifts in the tastes and preferences of consumers in this digital era. It is important that the organizations are able to use the speed of understanding and response to these changes in order to be competitive and highly relevant. The analytics delivered by AI has become a game changer to the organization as it helps them to shift to these ever-evolving consumer trends within a short time, with precision, and with efficiency. The combination of techniques in machine learning, natural language processing and data mining with the conventional business intelligence infrastructure is known as AI-Powered Analytics. Organizations apply this new technologies to calculate large amounts of structured and unstructured data of various sources including social media and customer reviews, e-commerce transaction data, and sensor data on IoT devices. The AI-based analytics systems can identify the emerging patterns, forecast future behaviors and suggest actionable strategies in near real time unlike the traditional analytics, which usually relies on the past records and manualization to identify the patterns. Predictive insights can be considered one of the primary benefits of AI-driven analytics that is capable of adjusting to consumer trends. This and the machine learning algorithms with previous data can assist companies in determiningSee the 9 ways on how machine learning assists in identifying unseen consumer trends, forecasting future demand and streamlining inventory and marketing strategies in realtime. As an example, AI tools utilized by fashion retailers will allow the retailers to crunch such data with regards to seasonal demand, celebrity endorsements and regional tastes among others to predict styles that they can reasonably expect to be popular and to avoid over or understocking the items. Also, with AI, the ability to offer personalization at scale can be offered by companies, which is crucial given that we currently live in the era of customer-obsessed. The reason is AI systems have the ability to learn with every individual it trains with data until October 2023 with consumers as well as adjust its products, prices and the way you deliver content to you. Such a personalization improves customer experience and boosts conversions and brand loyalty. © 2025 IEEE.","AI-Powered Analytics; Artificial Intelligence; Consumer Behavior; Customer Engagement; Data Privacy; Machine Learning; Personalization; Predictive Analytics; Trend Forecasting","Consumer behavior; Electronic commerce; Learning algorithms; Learning systems; Machine learning; Predictive analytics; Sales; Social sciences computing; AI-powered analytic; Consumer trends; Customer engagement; Digital era; Emerging technologies; Machine-learning; Market dynamics; Personalizations; Social media; Trend forecasting; Data privacy","Conference paper","Final","","Scopus","2-s2.0-105035831166"
"Fauzi N.F.N.M.; Mohamed H.; Aziz W.A.H.W.","Fauzi, Noor Fatin Natasha Mohd (60607109900); Mohamed, Hasiah (56254285300); Aziz, Wan Adibah Hanis Wan (60607110000)","60607109900; 56254285300; 60607110000","Travel Booking Analysis and Prediction Using Predictive Analytics","2026","2026 International Conference on Cognitive Systems and Computer Interaction, ICoSCI 2026 - Proceedings","","","","","","0","10.1109/ICoSCI66700.2026.11447910","https://www.scopus.com/pages/publications/105037334341?origin=resultslist","This study presents a predictive analytics approach for analysing and forecasting travel booking patterns to address challenges such as unstructured booking data, limited demand forecasting capability, and the absence of analytical dashboards for decision support. The methodology follows the CRISP-DM framework, encompassing business understanding, data understanding, data preparation, modelling, evaluation, and deployment. A dataset consisting of 751 historical booking records from 2024 was used to develop and evaluate prediction models using RapidMiner. Several classification algorithms were tested, with the Random Forest model achieving the best performance, producing 80.00% accuracy for trip package prediction and 75.00% accuracy for sales forecasting, outperforming baseline models such as Decision Tree and Naïve Bayes. The predicted outputs were visualized through interactive Power BI dashboards to support managerial decision-making. However, due to the limited dataset size and single-year coverage, the findings may have restricted generalizability across different operational contexts. Future work will involve larger multi-year datasets and model benchmarking with additional state-of-the-art techniques to improve robustness and reliability. While the results demonstrate the potential feasibility of predictive analytics in travel booking forecasting, broader validation is required before large-scale deployment. © 2026 IEEE.","Analysis; CRISP-DM; Prediction; Predictive Analytics; Random Forest; Travel Booking","Artificial intelligence; Data mining; Decision support systems; Information use; Prediction models; Predictive analytics; Analytic approach; Analyze; Business understanding; CRISP-DM; Data understanding; Decision supports; Demand forecasting; Forecasting capability; Random forests; Travel booking; Decision trees","Conference paper","Final","","Scopus","2-s2.0-105037334341"
"Fan B.; Cai Y.","Fan, Bo (57466118900); Cai, Yueshun (57211937744)","57466118900; 57211937744","The research of forecasting model of automobile parts recycling cost based on data intelligence","2019","ACM International Conference Proceeding Series","","","3358355","","","5","10.1145/3358331.3358355","https://www.scopus.com/pages/publications/85075428881?origin=resultslist","In view of the problem of reducing the cost control of the used parts in the after-sales service cost analysis process of the automobile enterprises, the multi-dimensional intelligent analysis of the used business data is carried out by extracting and cleaning the relevant business data resources of the used parts. This paper proposes a method based on data intelligence for cost forecasting, which assists enterprises in mining valuable information and knowledge contained in used parts data, making the used parts business data intelligent and realizing the value-added of used parts data. The management of used parts recycling is an important value link for automotive enterprises to reduce costs and increase efficiency, and is the key to building a reverse supply chain coordination architecture and achieving circular economy. There are many factors influencing the cost of recycling used parts, and too much interference will affect the forecasting effect. Therefore, before establishing the corresponding used parts recovery cost prediction model, the data should be decomposed into a stable time series, so that the prediction results are more accurate. This paper compares several typical prediction algorithms, uses the theory of empirical mode decomposition to preprocess the business data of used parts data, then builds the ARMA model, selects the ARMA model parameters through the AIC information criterion, and designs the supplier's used parts recycling cost prediction model. And the model is validated using the used piece business data piece data to predict the cost of the supplier's used parts recovery and provide support for the actual business system. © 2019 Association for Computing Machinery.","ARMA model; Data Intelligence; Forecasting Model; Reverse Supply Chain","Artificial intelligence; Automotive industry; Autoregressive moving average model; Cost reduction; Data mining; Forecasting; Predictive analytics; Random processes; Recycling; Supply chains; After-sales services; Automobile enterprise; Data intelligence; Empirical Mode Decomposition; Forecasting modeling; Information criterion; Prediction algorithms; Reverse supply chains; Cost benefit analysis","Conference paper","Final","","Scopus","2-s2.0-85075428881"
"Selvarani; Rani V.K.; Sulaiman S.F.; Selvi V.; Mohammed A.A.S.; Karthik M.","Selvarani (59949525000); Rani, V. Kanpur (59332738500); Sulaiman, Sakar Fatah (59704399800); Selvi, V. (57213201406); Mohammed, Ali Ali Saber (57938039000); Karthik, M. (57223934279)","59949525000; 59332738500; 59704399800; 57213201406; 57938039000; 57223934279","Leveraging Deep Learning for Accurate User Journey Prediction and Revenue Enhancement on Online Platforms","2025","International Conference on Smart Systems for Applications in Electrical Sciences, ICSSES 2025","","","","","","0","10.1109/ICSSES64899.2025.11010030","https://www.scopus.com/pages/publications/105008337327?origin=resultslist","The rapid evolution of online platforms has transformed how businesses engage with customers, making accurate user journey prediction crucial for enhancing revenue. This study investigates the application of deep learning techniques, particularly Multi-Layer Perceptron-Gated Recurrent Unit (MLP-GRU) models, to analyze and predict user behavior effectively. By leveraging a comprehensive dataset collected from e-commerce sales, we implement a systematic approach that includes data collection, preprocessing through Min-Max normalization, feature extraction using attention mechanisms, and revenue enhancement strategies. The attention mechanism allows the model to focus on significant user interactions, dynamically weighing the importance of various features to improve predictive accuracy. Our findings demonstrate that the MLP-GRU model not only captures intricate patterns in user behavior but also enables personalized recommendations that significantly boost conversion rates. By integrating deep learning with user journey analytics, businesses can optimize their marketing strategies, tailor user experiences, and ultimately drive higher revenue. The proposed method is implemented in Python and has an accuracy of about 99.11% which is higher than other existing methods like CNN, BiLSTM and LSTM. This research contributes to the growing body of knowledge in the field of artificial intelligence in e-commerce and provides actionable insights for practitioners aiming to leverage data-driven strategies to enhance customer engagement and satisfaction.  © 2025 IEEE.","Attention Mechanism; Deep Learning; E-Commerce; Revenue Enhancement; User Journey Prediction","Behavioral research; Data mining; Electronic commerce; Forecasting; Knowledge management; Learning systems; Sales; User experience; User interfaces; Attention mechanisms; Data collection; Deep learning; E- commerces; Learning techniques; Multilayers perceptrons; Online platforms; Revenue enhancement; User behaviors; User journey prediction; Deep learning","Conference paper","Final","","Scopus","2-s2.0-105008337327"
"Arora M.","Arora, Manpreet (56702018400)","56702018400","What Lies in Big Data for Customer Retention? Analyzing the Past, Present, and Future","2024","Augmenting Customer Retention Through Big Data Analytics","","","","311","326","1","","https://www.scopus.com/pages/publications/85216608775?origin=resultslist","The big data is transforming marketing and sales decisions in various aspects. Customer involvement, customer retention, and loyalty are some of the important factors or dimensions contributing toward the success of every business, and big data is proving to be an important tool for achieving all these objectives. The most emerging themes which came out of the data set appear to be the usage of machine learning sentiment analysis in retailing. Another aspect which highlights the use of big data and artificial intelligence is increasing sales and understanding customer intentions in various business scenarios. In the year 2018, the most significant topics of research for “big data and artificial intelligence” were related to tourism, data mining, and social media. After that, the thrust of the researchers shifted toward tourism destinations, big data, and the use/application of big data and related technology in the field of commerce. In 2020, big data was extensively applied in sales forecasting, commerce, and marketing to a great extent. In the later half of the same year, the focus shifted to social networking, artificial intelligence, and retailing. Presently, the research studies that are coming up in the year 2022 are mostly related to machine learning, sentiment analysis, and retailing. © 2025 by Apple Academic Press, Inc.","Artificial intelligence; Bibliometrics; Big data; Big data; Customer loyalty; Customer retention; Evolution of literature; Literature review","","Book chapter","Final","","Scopus","2-s2.0-85216608775"
"Silva A.C.; Machado J.; Sampaio P.","Silva, Anabela Costa (59164966200); Machado, José (57943272100); Sampaio, Paulo (8236244000)","59164966200; 57943272100; 8236244000","Predictive quality model for customer defects","2024","TQM Journal","36","9","","155","174","14","10.1108/TQM-09-2023-0302","https://www.scopus.com/pages/publications/85195506444?origin=resultslist","Purpose: In the context of the journey toward digital transformation and the realization of a fully connected factory, concepts such as data science, artificial intelligence (AI), machine learning (ML) and even predictive models emerge as indispensable pillars. Given the relevance of these topics, the present study focused on the analysis of customer complaint data, employing ML techniques to anticipate complaint accountability. The primary objective was to enhance data accessibility, harnessing the potential of ML models to optimize the complaint handling process and thereby positively contribute to data-driven decision-making. This approach aimed not only to reduce the number of units to be analyzed and customer response time but also to underscore the pressing need for a paradigm shift in quality management. The application of AI techniques sought to enhance not only the efficiency of the complaint handling process and data accessibility but also to demonstrate how the integration of these innovative approaches could profoundly transform the way quality is conceived and managed within organizations. Design/methodology/approach: To conduct this study, real customer complaint data from an automotive company was utilized. Our main objective was to highlight the importance of artificial intelligence (AI) techniques in the context of quality. To achieve this, we adopted a methodology consisting of 10 distinct phases: business analysis and understanding; project plan definition; sample definition; data exploration; data processing and pre-processing; feature selection; acquisition of predictive models; evaluation of the models; presentation of the results; and implementation. This methodology was adapted from data mining methodologies referenced in the literature, taking into account the specific reality of the company under study. This ensured that the obtained results were applicable and replicable across different fields, thereby strengthening the relevance and generalizability of our research findings. Findings: The achieved results not only demonstrated the ability of ML models to predict complaint accountability with an accuracy of 64%, but also underscored the significance of the adopted approach within the context of Quality 4.0 (Q4.0). This study served as a proof of concept in complaint analysis, enabling process automation and the development of a guide applicable across various areas of the company. The successful integration of AI techniques and Q4.0 principles highlighted the pressing need to apply concepts of digitization and artificial intelligence in quality management. Furthermore, it emphasized the critical importance of data, its organization, analysis and availability in driving digital transformation and enhancing operational efficiency across all company domains. In summary, this work not only showcased the advancements achieved through ML application but also emphasized the pivotal role of data and digitization in the ongoing evolution of Quality 4.0. Originality/value: This study presents a significant contribution by exploring complaint data within the organization, an area lacking investigation in real-world contexts, particularly focusing on practical applications. The development of standardized processes for data handling and the application of predictions for classification models not only demonstrated the viability of this approach but also provided a valuable proof of concept for the company. Most importantly, this work was designed to be replicable in other areas of the factory, serving as a fundamental basis for the company’s data scientists. Until then, limited data access and lack of automation in its treatment and analysis represented significant challenges. In the context of Quality 4.0, this study highlights not only the immediate advantages for decision-making and predicting complaint outcomes but also the long-term benefits, including clearer and standardized processes, data-driven decision-making and improved analysis time. Thus, this study not only underscores the importance of data and the application of AI techniques in the era of quality but also fills a knowledge gap by providing an innovative and replicable approach to complaint analysis within the organization. In terms of originality, this article stands out for addressing an underexplored area and providing a tangible and applicable solution for the company, highlighting the intrinsic value of aligning quality with AI and digitization. © 2024, Anabela Costa Silva, José Machado and Paulo Sampaio.","Artificial intelligence; Industry 4.0; Machine learning and customer complaints; Quality 4.0","Data mining; Forecasting; Industry 4.0; Learning systems; Machine learning; Metadata; Quality control; Quality management; Sales; Artificial intelligence techniques; Customer complaints; Data accessibility; Decisions makings; Digital transformation; Digitisation; Machine learning and customer complaint; Machine-learning; Predictive models; Quality 4.0; Decision making","Article","Final","All Open Access; Green Open Access; Hybrid Gold Open Access","Scopus","2-s2.0-85195506444"
"Quasim M.T.; Sulaiman A.; Shaikh A.; Younus M.","Quasim, Mohammad Tabrez (57194206188); Sulaiman, Adel (57221768102); Shaikh, Asadullah (35085432000); Younus, Mohammed (57477910300)","57194206188; 57221768102; 35085432000; 57477910300","Blockchain in churn prediction based telecommunication system on climatic weather application","2022","Sustainable Computing: Informatics and Systems","35","","100705","","","19","10.1016/j.suscom.2022.100705","https://www.scopus.com/pages/publications/85125816960?origin=resultslist","For better customer service and customer retention, businesses take proactive measures, including troubleshooting and solving potential challenges promptly. Blockchain technology integrates different recognition techniques of distributed pattern for monitoring database of a dedicated network and has proven a very promising technology. An automated pattern recognition decentralizes and distributes customized specific data. Machine learning, originated from artificial intelligence is primarily related to recognition of behavior patterns. Methods like knowledge discovery in database (KDD) and data mining focus on unsupervised approaches and are widely used in business and climatic weather applications. Blockchain addresses data-security concerns and builds trust by creating distributed ledger. Theft, willful fraud, software and hardware are considered by blockchain in data protection. Blockchain has greater significant feature as it makes the secure data access without enabling the central management entity. Two design features of blockchain technology help in this task. Recommended customer data pattern recognition technique using blockchain may eliminate all these problems. Two kinds of cryptographic algorithms employed in blockchain are asymmetric-key algorithms and hash functions. The current study analyzes the asymmetric cryptography approach along with key pair which supports in system security. Recurrent neural network (RNN) and support vector machine (SVM) classifier techniques consider both old customers and new customers as stable. The predictive model aids in identifying customers at churn risk in the telecommunication system. Existing proactive methods are unable to explain difficulties in customer interaction understanding and meeting their genuine needs. The proposed model organizes the customer situation and designs a customer proactive re-engagement over mobile-based telecommunication systems. Performance measures like churn prediction, classifier, confusion matrix, machine learning in the telecommunication system are used to evaluate and validate the results. © 2022","Blockchain technology; Churn prediction; Classifier; Climatic Weather; Support vector machine; Telecommunication system","Behavioral research; Blockchain; Crime; Data mining; Distributed ledger; Forecasting; Hash functions; Hidden Markov models; Recurrent neural networks; Sales; Block-chain; Blockchain technology; Churn predictions; Climatic weather; Customer retention; Customer-service; Distributed patterns; Prediction-based; Proactive measures; Support vectors machine; Support vector machines","Article","Final","","Scopus","2-s2.0-85125816960"
"KalyanKumar P.; Sherwyn Matthews S.; MahaManikandan S.; Nithish M.","KalyanKumar, P. (60560201900); Sherwyn Matthews, S. (60559604600); MahaManikandan, S. (60560493000); Nithish, M. (59155554800)","60560201900; 60559604600; 60560493000; 59155554800","A Hybrid Approach to Customer Loyalty Prediction","2025","Proceedings of 5th International Conference on Ubiquitous Computing and Intelligent Information Systems, ICUIS 2025","","","","1574","1578","0","10.1109/ICUIS67429.2025.11380243","https://www.scopus.com/pages/publications/105034891513?origin=resultslist","Customer loyalty prediction is crucial for keeping customers in competitive retail sectors such as the fashion industry and other businesses. Basic measurements such as Recency, Frequency, and Monetary (RFM), Net Promoter Score (NPS), and Customer Satisfaction (CSAT) do not capture emotional or behavioral factors, so they have limits in prediction. The Sentiment-Enhanced Loyalty Score (SELS) combines normalized sentiment from text reviews ([-1, 1], based on BERT) and purchase frequency ([0, 1]), giving both equal weight (0.5). Using a Random Forest classifier, SELS divides customers into Loyal, At-Risk, and One-Time Buyer groups. In a UK/US fashion retail data set, SELS achieves 87.5% accuracy, which is 25-30% better than RFM, NPS, and CSAT for predicting churn and customer lifetime value (CLV). Pie charts and an NPS-style score make it easier to improve retention planning. This flexible framework, built on natural language processing and machine learning, offers a solid and clear tool for data-driven customer relationship management that addresses emotional and behavioral gaps in current methods.  © 2025 IEEE.","Brand Loyalty; Buying Frequency; Customer Retention; Customer Segmentation; NLP; NPS; Random Forest; Sentiment Analysis; Sentiment-Improved Loyalty Score (SELS)","Artificial intelligence; Behavioral research; Competition; Customer satisfaction; Data mining; Information management; Learning systems; Potassium alloys; Public relations; Purchasing; Random forests; Sales; Uranium alloys; Brand loyalty; Buying frequency; Customer loyalty; Customer retention; Customers segmentations; Customers' satisfaction; Net promoter score; Random forests; Sentiment analysis; Sentiment-improved loyalty score; Forecasting; Sentiment analysis","Conference paper","Final","","Scopus","2-s2.0-105034891513"
"Anicas O.E.F.; Castillo K.H.; Olasiman A.O.; Domingo I.V.R.","Anicas, Owen Elexis F. (60611548100); Castillo, Kristine H. (60611360000); Olasiman, Anthony O. (60611266300); Domingo, Iluminada Vivien R. (57200069772)","60611548100; 60611360000; 60611266300; 57200069772","Enhancing Swine Farm Profitability with PINILI-PIG: A Digital Swine Inventory and Sales Management System","2025","Proceedings - 9th International Conference on Cloud, Big Data and Communication Systems, ICCBDCS 2025","","","","1","6","0","10.1109/ICCBDC67784.2025.00007","https://www.scopus.com/pages/publications/105037585544?origin=resultslist","The swine production industry in the Philippines is a formidable economic entity, boasting an estimated value of P191 billion and holding the top position within the livestock and poultry sector. In 2022, the Philippine Statistics Authority reported a total hog production of 1.74 million metric tons, indicating a growth rate of 2.4 percent from the previous year. Recognized for its substantial contributions to meat consumption, agricultural development, and overall economic stability, the swine industry plays a role in global food security and agricultural economics. This study introduces a decision support system aimed at assisting hog farm owners in efficiently managing their piggery businesses. The exploration of digitalization and precision livestock farming technologies underscores their potential to improve decisionmaking and productivity. This system integrates various subsystems designed to optimize pig farming practices for backyard farmers. This includes inventory control for pigs, feeds, and vaccines, alongside a price forecasting feature utilizing the Prophet data mining model. The system also includes a decision support module to automate sales processes and provides comprehensive reports on farm sales for convenient financial monitoring. © 2025 IEEE.","Backyard farming; Data mining; Decision support system; Livestock; Pigs; Price forecasting","Agricultural economics; Agriculture; Artificial intelligence; Decision making; Economic and social effects; Food supply; Forecasting; Growth rate; Industrial economics; Information management; Inventory control; Sales; Backyard farming; Decision supports; Inventory management; Management systems; Philippines; Pig; Price forecasting; Sales management; Support systems; Swine farm; Decision support systems","Conference paper","Final","","Scopus","2-s2.0-105037585544"
"Agarwal S.; Madhubala P.; Singh M.K.; Arulini K.; Keerthana S.; Jenitha T.","Agarwal, Swathi (57927732200); Madhubala, P. (57192169152); Singh, Manoj Kumar (60022380600); Arulini, K. (59000548100); Keerthana, S. (60021126500); Jenitha, T. (56406436100)","57927732200; 57192169152; 60022380600; 59000548100; 60021126500; 56406436100","Association Rule Mining for Optimizing Inventory Management in Retail: Improving Stock Control and Reducing Costs Using ML Model","2025","2025 3rd International Conference on Communication, Security, and Artificial Intelligence, ICCSAI 2025","","","","855","859","2","10.1109/ICCSAI64074.2025.11064120","https://www.scopus.com/pages/publications/105012102519?origin=resultslist","Retail stock management will therefore remain a fundamental business strategy as it affects customers' experiences, the business processes and the bottom-line. The use of association rule mining (ARM) as data-driven approach to the management of inventory is the theme of this research. ARM helps retailers discover profound patterns and links in the sales data so that they may effectively manage their stocks, avoid overstock and understock conditions, and reduce expenses. The research also examines how ARM can be implemented using transactional data, either incidentally or in association with conventional inventory management techniques. They provide the bases for decisions concerning restocking of the current stocks, location of shelf space and planning for promotions. Further, the study examines the engagement of ARM in demand forecasting, supplier management aimed at timely supply chain and supply chain improvement. The practical analysis of various case studies and simulation prove the decrease of inventory carrying costs and stockouts, showing the effectiveness of ARM in the real conditions of the retail industry. This means that the use of the proposed approach offers a scalable solution that can effectively fulfill retailers' goal of improving customer experience while increasing operational effectiveness. The findings suggest that ARM has the potential to revolutionize current inventory management mechanisms and provide a competitive strategy for firms in the evolving retail context.  © 2025 IEEE.","Apriori Algorithm; Association Rules; Confidence; Lift; Support","Artificial intelligence; Competition; Costs; Data mining; Information management; Inventory control; Optimization; Sales; Supply chain management; Supply chains; Supports; 'current; Apriori algorithms; Condition; Confidence; Control costs; Customer experience; Inventory management; Reducing costs; Rule mining; Stock management; Association rules","Conference paper","Final","","Scopus","2-s2.0-105012102519"
"Roumani Y.F.; Nwankpa J.K.; Tanniru M.","Roumani, Yazan F. (22954305300); Nwankpa, Joseph K. (55037519200); Tanniru, Mohan (6701666099)","22954305300; 55037519200; 6701666099","Predicting firm failure in the software industry","2020","Artificial Intelligence Review","53","6","","4161","4182","23","10.1007/s10462-019-09789-2","https://www.scopus.com/pages/publications/85075364293?origin=resultslist","Firm failure rate in the software industry is significantly higher than other industries. Due to the wide use of software products and services, failure in the software industry has implications on the industry itself as well as the economy at the local, national and global levels. This study compares the classification performance of thirteen approaches in terms of predicting firm failure in the US software industry. Seven measures are used to evaluate the classifiers’ performance. We use synthetic minority oversampling technique (SMOTE), SMOTEBoost and SMOTEBagging to account for the data imbalance issue. In order to give managers enough time to develop strategies and take the necessary actions to reduce the likelihood of failing, we use 20 financial indicators collected 4 years before the last available date about each firm. Our findings show that embedding SMOTE into boosting and bagging algorithms is better than preprocessing data using SMOTE before learning the classifier. According to the sensitivity analysis, research and development expense is the most significant predictor of firm failure followed by net sales and total revenue. Our results can be used by managers as a decision support tool to identify high-risk firms at an early stage and take the necessary actions to prevent a firm from failing. The early prediction of firm failure will allow software firms to modularize their products or services into specific “features” and offer them as “digital services” using new business models or combine these services with partner firms’ services to create new products and address evolving customer expectations. Moreover, the early prediction of firm failure in the software industry calls on firms, both new and those in the growth stage, to componentize their design for adaptability and to build agility in the way firms use their resource mix to address both market gaps as well as operational gaps. © 2019, Springer Nature B.V.","Data mining; Decision support systems; Imbalanced data; Software industry","Artificial intelligence; Data mining; Economics; Failure analysis; Forecasting; Managers; Sensitivity analysis; Software engineering; Classification performance; Customer expectation; Decision support tools; Financial indicator; Imbalanced data; Research and development; Software industry; Synthetic minority over-sampling techniques; Decision support systems","Article","Final","","Scopus","2-s2.0-85075364293"
"Silva A.M.; Ribeiro R.P.; Gama J.","Silva, Ana M. (59079876600); Ribeiro, Rita P. (7202534681); Gama, João (57194210743)","59079876600; 7202534681; 57194210743","An experimental study on predictive models using hierarchical time series","2015","Lecture Notes in Computer Science (including subseries Lecture Notes in Artificial Intelligence and Lecture Notes in Bioinformatics)","9273","","","501","512","0","10.1007/978-3-319-23485-4_50","https://www.scopus.com/pages/publications/84945893148?origin=resultslist","Planning strategies play an important role in companies’ management. In the decision-making process, one of the main important goals is sales forecasting. They are important for stocks planing, shop space maintenance, promotions, etc. Sales forecasting use historical data to make reliable projections for the future. In the retail sector, data has a hierarchical structure. Products are organized in hierarchical groups that reflect the business structure. In this work we present a case study, using real data, from a Portuguese leader retail company. We experimentally evaluate standard approaches for sales forecasting and compare against models that explore the hierarchical structure of the products. Moreover, we evaluate different methods to combine predictions for the different hierarchical levels. The results show that exploiting the hierarchical structure present in the data systematically reduces the error of the forecasts. © Springer International Publishing Switzerland 2015.","Data mining; Forecasting in retail; Hierarchical time-series","Artificial intelligence; Costs; Data mining; Decision making; Forecasting; Time series; Business structures; Decision making process; Hierarchical groups; Hierarchical level; Hierarchical structures; Planning strategies; Predictive models; Space maintenances; Sales","Conference paper","Final","","Scopus","2-s2.0-84945893148"
"Zhu T.; Hu X.; Cui S.; Song Y.","Zhu, Tao (60567595000); Hu, Xiangpei (24481299300); Cui, Shaoze (57205391509); Song, Yu (60568493400)","60567595000; 24481299300; 57205391509; 60568493400","An interpretable product demand forecasting framework incorporating domain knowledge: a case study of substitution effects in community group-buying","2026","International Journal of Production Research","","","","","","0","10.1080/00207543.2026.2652547","https://www.scopus.com/pages/publications/105035201419?origin=resultslist","With the rapid rise of social e-commerce, an increasing number of consumers now purchase goods through social community networks. However, substitution effects arising from limited inventories and stockouts can seriously impair demand forecasting accuracy. To address this challenge, we propose XAI-Sub, an interpretable demand forecasting framework that systematically incorporates domain knowledge via text mining and biclustering to improve both transparency and predictive performance. By aggregating sparse sales records into substitution-aware clusters and estimating scenario-specific substitution matrices using a novel alternating minimisation algorithm, XAI-Sub explicitly quantifies substitutive relationships while preserving interpretability. Validated on data from a large community group-buying (CGB) platform, our framework achieves a relative improvement of 38% in forecasting accuracy compared with conventional methods. The approach introduces three key advancements in explainable artificial intelligence (XAI): (1) domain-knowledge anchoring: text-derived semantic features anchor substitution patterns within business logic, facilitating human-AI alignment; (2) scenario-driven interpretability: biclustering decomposes demand dynamics into actionable substitution typologies; and (3) causal pathway visualisation: the substitution matrix serves as an interpretable interface, delineating demand redistribution pathways across clusters. This work demonstrates how formalising domain knowledge can bridge the ‘explanation gap’ in complex demand systems and provides CGB enterprises with practical tools to audit and exploit substitution mechanisms. © 2026 Informa UK Limited, trading as Taylor & Francis Group.","community group-buying; demand forecasting; domain knowledge; E-commerce; explainable artificial intelligence; substitution effect","Domain Knowledge; Forecasting; Purchasing; Sales; Semantics; Text mining; Biclustering; Community group; Community group-buying; Demand forecasting; Domain knowledge; Explainable artificial intelligence; Forecasting accuracy; Group buying; Substitution effect; Substitution matrix; Electronic commerce","Article","Article in press","","Scopus","2-s2.0-105035201419"
"Gomathi V.; Jeevika M.; Eniga I.; Arokiya Abisharmila B.; Hariharan T.; Suganya D.","Gomathi, V. (59913868300); Jeevika, M. (60574855800); Eniga, I. (60575077600); Arokiya Abisharmila, B. (60574742500); Hariharan, T. (60575077700); Suganya, D. (59983191600)","59913868300; 60574855800; 60575077600; 60574742500; 60575077700; 59983191600","AI-Powered Data-Driven Consumer Behavior Analysis and Prediction","2025","2025 International Conference on Computing and Communications, COMPUTINGCON 2025","","","","","","0","10.1109/COMPUTINGCON64838.2025.11376820","https://www.scopus.com/pages/publications/105035520183?origin=resultslist","In fast fast-moving business world, understanding customer habits is essential for supermarkets to increase their sales, build loyalty, and stay competitive. The proposed approach offers a modern solution that combines several advanced data tools to help retailers analyze customer behavior and predict future trends. Process covers important methods like breaking customers into segments, forecasting what might buy, explaining why predictions are made, and sharing insights visually. To group customers based on purchasing habits, Gaussian Mixture Models (GMM) are applied to separate customers into the relevant clusters based on their past purchases to identify customer segments according to purchasing behaviors. XGBoost is then applied to develop predictive models to predict consumer behavior, such as product preferences, and SHapley Additive exPlanations (SHAP) is then applied to understand the reasoning of predictions given by the XGBoost models. To forecast trends such as product demand or sales volume, we use Prophet. PrefixSpan finds frequent shopping sequences, like what customers usually buy together. We also use Auto-sklearn, which automatically finds the best model setup, saving time and improving results. Finally, by using Streamlit, it finds a user-friendly way for easy business use. By combining these tools, this approach offers supermarkets the ability to turn data into real-time business value, improving how they understand customers, plan marketing, and manage stocks. This framework demonstrates how the integration of advanced analytics can drive measurable value in the competitive retail sector. Experimental evaluations: show an accuracy rate of auto-sklearn of 98.3% and Sales were predicted with an RMSE of 85.6 and an MAPE of 7.8% successfully. © 2025 IEEE.","Business; Customer behavior; Data Mining; Predictive models","Advanced Analytics; Artificial intelligence; Competition; Consumer behavior; Forecasting; Gaussian distribution; Information management; Information systems; Prediction models; Purchasing; Retail stores; Sales; Behavior analysis; Behavior prediction; Breakings; Cluster-based; Customer behavior; Data driven; Data tools; Future trends; Gaussian Mixture Model; Predictive models; Data mining","Conference paper","Final","","Scopus","2-s2.0-105035520183"
"Bohanec M.; Borštnar M.K.; Robnik-Šikonja M.","Bohanec, Marko (6701865562); Borštnar, Mirjana Kljajić (15821608100); Robnik-Šikonja, Marko (55900495300)","6701865562; 15821608100; 55900495300","Integration of machine learning insights into organizational learning: A case of B2B sales forecasting","2015","28th Bled eConference: #eWellbeing - Proceedings","","","","338","352","0","","https://www.scopus.com/pages/publications/84964324795?origin=resultslist","Business to Business (B2B) sales forecast can be described as a decision-making process, which is based on past data (internal and external), formalized rules, subjective judgment, and tacit organizational knowledge. Its consequences are measured in profit and loss. The research focus of this paper is aimed to narrow the gap between planned and realized performance, introducing a novel model based on machine learning techniques. Preliminary results of machine learning model performance are presented, with focus on distilled visualizations that create powerful, yet human comprehensible and actionable insights, enabling positive climate for reflection and contributing to continuous organizational learning.","B2B sales modeling; Forecasting error reduction; Knowledge engineering; Machine learning; Organizational learning; Visual data mining","Artificial intelligence; Climate models; Data mining; Decision making; Forecasting; Information management; Knowledge engineering; Learning systems; Sales; Business to business; Decision making process; Forecasting error; Machine learning models; Organizational knowledge; Organizational learning; Sales forecasting; Visual data mining; Knowledge management","Conference paper","Final","","Scopus","2-s2.0-84964324795"
"Pallathadka H.; Sajja G.S.; Mustafa M.; Kaliyaperumal K.; Patra I.; Ray S.; Raghuvanshi A.","Pallathadka, Harikumar (57224617880); Sajja, Guna Sekhar (57289382500); Mustafa, Malik (57485722000); Kaliyaperumal, Karthikeyan (57216564281); Patra, Indrajit (57226894791); Ray, Samrat (57291201100); Raghuvanshi, Abhishek (57479152800)","57224617880; 57289382500; 57485722000; 57216564281; 57226894791; 57291201100; 57479152800","Machine Learning in Education, Finance and Management: Applications and Future Trends","2023","AIP Conference Proceedings","2587","1","090003","","","0","10.1063/5.0150535","https://www.scopus.com/pages/publications/85179803482?origin=resultslist","Machine learning is a relatively recent discipline of data mining in which a computer program does not have to be expressly programmed to predict events. Machine learning has the potential to be employed in a variety of areas, including business and finance. These applications include human resource management, enhanced supply chain management and logistics, and improved customer relationship management. Machine learning techniques have the capability to perform prediction on the basis of previously available input data. Higher education institutions' principal purpose is to increase the academic standards of its students. This is a necessary first step in developing a program to assist students who are struggling with their academics. We'll look at how artificial intelligence and machine learning are employed in education and business in this piece. It may be used for everything from forecasting student performance to increasing sales and avoiding fraud. © 2023 American Institute of Physics Inc.. All rights reserved.","","","Conference paper","Final","","Scopus","2-s2.0-85179803482"
"Mondal K.C.; Barua H.B.","Mondal, Kartick Chandra (8577209400); Barua, Hrishav Bakul (57204511717)","8577209400; 57204511717","Fault Analysis and Trend Prediction in Telecommunication Using Pattern Detection: Architecture, Case Study and Experimentation","2019","Communications in Computer and Information Science","1030","","","307","320","1","10.1007/978-981-13-8578-0_24","https://www.scopus.com/pages/publications/85068661160?origin=resultslist","In recent years, almost every industry especially digital, e-commerce and telecommunication experienced exponential growth of data. Harvesting knowledge in these highly dynamic databases and finding closed patterns to analyze modern trends attracted considerable interest in this decade. To group similar types of data object or identify regions where data density is high in a dataset and forming clusters is the birds eye of researchers. Data mining and Business analytics have became an integral part of Telecommunication industry for extracting usage patterns of new as well as profiled customers and retaining them in competitive market. Providing better services without interruption is an essential aspect as this gains the confidence of the customers. In this paper, we have stated various challenges faced by the industry and have proposed a unified architecture for Telecom data analytics. Case studies have been put forward for Customer usage pattern detection and Network fault analysis using clustering and bi-clustering techniques to group and segment customer for business predictions as well as to identify faulty nodes in the network and predict network failures. © 2019, Springer Nature Singapore Pte Ltd.","Association rule-mining; Bi-clustering; Clustering; Fault analysis; Telecommunication data","Advanced Analytics; Artificial intelligence; Data Analytics; Data mining; Fault detection; Forecasting; Network architecture; Pattern recognition; Sales; Telecommunication industry; Bi-clustering; Business analytics; Clustering; Competitive markets; Exponential growth; Fault analysis; Pattern detection; Unified architecture; Cluster analysis","Conference paper","Final","","Scopus","2-s2.0-85068661160"
"Wang C.; Galanza J.S.","Wang, Chao (60549538300); Galanza, Josephine S. (60248783300)","60549538300; 60248783300","AI and Remote Sensing-Driven Insights for Digital Marketing and Consumer Demand Forecasting in the Bakery Sector: A Case Study of TOLY Bread","2025","Proceedings of 2025 10th International Conference on Science Technology, Engineering and Mathematics, ICONSTEM 2025","","","","","","0","10.1109/ICONSTEM65670.2025.11374622","https://www.scopus.com/pages/publications/105034459937?origin=resultslist","Artificial intelligence (AI) and remote sensing are becoming more significant in the changing paradigm of data-driven business intelligence in terms of how organisations predict consumer demand and optimise marketing decisions. The current research also attempts to identify the ways AI and remote-sensing-derived data can be used to improve digital marketing and consumer demand forecasting in the field of the bakery industry and use TOLY Bread as a case study. Mixed-method simulation strategy was utilised, written in Python (Google Colab). Sales, environmental, and marketing data were synthetically generated, the features engineered, features explored, features analysed, and features evaluated. The XGBoost model outperformed the LSTM baseline (MAE =154.89, RMSE =193.93) with its high performance (MAE =104.24, RMSE =117.11, R2 = 0.578), which suggests that the ensemble learning technique can be used successfully in a short-term forecasting problem. Also, the supplement rate of CNN-based image feature extraction of simulated remote-sensing data (RMSE =5.141) supported the incorporation of environmental intelligence into the market analytics. The research arrives at the conclusion that the hybrid AI model of combining scaffolded and image-based data is a significant approach in enhancing the accuracy of the forecasts made of perishable products. It has been suggested that bakery companies should use ensemble models which include remote-sensing capabilities to coordinate marketing and supply decisions. Its practical implication is to allow the firms to maximise production, minimise waste and promote dynamically. The greatest drawback is the use of simulated data instead of real-world data, which needs to be validated by future research with the operational data of partners in the industry. © 2025 IEEE.","artificial intelligence; demand forecasting; digital marketing; remote sensing; XGBoost","Bakeries; Bakery products; Data mining; Electronic commerce; Forecasting; Learning systems; Marketing; 'current; Business-intelligence; Case-studies; Consumer demands; Data driven; Demand forecasting; Digital marketing; Marketing decision; Remote-sensing; Xgboost; Artificial intelligence; Remote sensing","Conference paper","Final","","Scopus","2-s2.0-105034459937"
